nom;prenom;age
Dupont;Jean;32
Martin;Claire;28
Bernard;Paul;45
Petit;Sophie;30
Robert;Lucas;27
Richard;Emma;34
Durand;Hugo;41
Dubois;Chloe;22
Moreau;Nathan;36
Laurent;Julie;29
Simon;Louis;33
Michel;Camille;38
Garcia;Leo;26
David;Manon;31
Bertrand;Noah;24
Roux;Sarah;40
Vincent;Adam;35
Fournier;Eva;23
Morel;Tom;37
Girard;Lina;28
Andre;Ethan;44
Lefebvre;Mia;21
Mercier;Alex;39
Dupuis;Ines;27
Lambert;Max;42
Bonnet;Jade;25
Francois;Theo;33
Martinez;Anna;29
Legrand;Yanis;31
Garnier;Lola;26
Faure;Mathis;34
Rousseau;Zoe;30
Blanc;Gabriel;43
Henry;Nina;24
Barbier;Arthur;38
Chevalier;Lucie;22
Gauthier;Sacha;35
Perrin;Elena;28
Robin;Ilyes;36
Clement;Mael;27
Morin;Lena;32
Nicolas;Rayan;41
Henry;Alicia;23
Roussel;Imran;37
Mathieu;Aya;29
Guerin;Noe;33
Masson;Maya;26
Marchand;Amir;40
Dumont;Salome;31
Meunier;Ismael;34
